COD_DP,DS_ORIGEM_DESPESA
0,Atividades de militância e mobilização de rua
8,Serviços prestados por terceiros
20,Cessão ou locação de veículos
123,Serviços advocatícios
221,Despesas com transporte ou deslocamento
382,Publicidade por carros de som
918,Locação/cessão de bens imóveis
1102,Alimentação
1384,Locação/cessão de bens móveis (exceto veículos)
1749,Despesa com Impulsionamento de Conteúdos
1939,Serviços contábeis
2371,"Produção de programas de rádio, televisão ou vídeo"
2396,Doações financeiras a outros candidatos/partidos
2399,Combustíveis e lubrificantes
2419,Comícios
2442,Publicidade por materiais impressos
2450,Diversas a especificar
2507,"Produção de jingles, vinhetas e slogans"
2524,Criação e inclusão de páginas na internet
2602,Materiais de expediente
2681,Correspondências e despesas postais
2731,Despesas com Hospedagem
2767,Aquisição/Doação de bens móveis ou imóveis
2801,Publicidade por adesivos
2851,Telefone
2976,Taxa de Administração de Financiamento Coletivo
3005,Energia elétrica
3057,Água
3096,"Encargos financeiros, taxas bancárias e/ou op. cartão de crédito"
3288,Pesquisas ou testes eleitorais
3611,Despesas com pessoal
4135,Reembolsos de gastos realizados por eleitores
4374,Serviços próprios prestados por terceiros
4552,Pré-instalação física de comitê de campanha
4611,Eventos de promoção da candidatura
19164,Passagem Aérea
19166,Encargos sociais
21958,"Impostos, contribuições e taxas"
24204,Despesa com geradores de energia
25782,Publicidade por jornais e revistas
109170,Multas eleitorais
