COD_UF,SG_UF,ESTADO
42,AC,Acre
16,AL,Alagoas
10,AM,Amazonas
146,AP,Amapá
0,BA,Bahia
123,CE,Ceará
119,DF,Distrito Federal
11,ES,Espírito Santo
168,GO,Goiás
205,MA,Maranhão
197,MG,Minas Gerais
3,MS,Mato Grosso do Sul
174,MT,Mato Grosso
170,PA,Pará
1,PB,Paraíba
17,PE,Pernambuco
52,PI,Piauí
43,PR,Paraná
24,RJ,Rio de Janeiro
29,RN,Rio Grande do Norte
15,RO,Rondônia
70,RR,Roraima
6,RS,Rio Grande do Sul
2,SC,Santa Catarina
7,SE,Sergipe
12,SP,São Paulo
88,TO,Tocantins
