SQ_CANDIDATO,NM_CANDIDATO,SG_PARTIDO
50001609248,ANTONIO CARLOS PEIXOTO DE MAGALHÃES NETO,UNIÃO
150001621388,PEDRO OLIVEIRA CUNHA LIMA,PSDB
240001611127,JORGINHO DOS SANTOS MELLO,PL
120001714229,RENAN BARBOSA CONTAR,PRTB
240001647445,DÉCIO NERY DE LIMA,PT
50001603638,JERÔNIMO RODRIGUES SOUZA,PT
210001609934,ONYX DORNELLES LORENZONI,PL
260001666399,ROGERIO CARVALHO SANTOS,PT
260001612779,FÁBIO CRUZ MITIDIERI,PSD
210001609847,EDUARDO FIGUEIREDO CAVALHEIRO LEITE,PSDB
40001610345,CARLOS EDUARDO DE SOUZA BRAGA,MDB
80001649123,JOSÉ RENATO CASAGRANDE,PSB
250001612465,FERNANDO HADDAD,PT
40001619528,WILSON MIRANDA LIMA,UNIÃO
120001635628,EDUARDO CORREA RIEDEL,PSDB
220001647595,MARCOS ROGERIO DA SILVA BRITO,PL
20001697934,PAULO SURUAGY DO AMARAL DANTAS,MDB
170001604087,RAQUEL TEIXEIRA LYRA LUCENA,PSDB
80001721262,CARLOS HUMBERTO MANNATO,PL
20001695808,RODRIGO SANTOS CUNHA,UNIÃO
250001615967,TARCISIO GOMES DE FREITAS,REPUBLICANOS
150001613757,JOÃO AZEVEDO LINS FILHO,PSB
220001609511,MARCOS JOSÉ ROCHA DOS SANTOS,UNIÃO
170001610442,MARÍLIA VALENÇA ROCHA ARRAES DE ALENCAR,SOLIDARIEDADE
190001639537,CYRO GARCIA,PSTU
190001716773,LUIZ EUGÊNIO HONORATO,PCO
190001714872,WILSON JOSÉ WITZEL,PMB
190001615753,CLÁUDIO BOMFIM DE CASTRO E SILVA,PL
190001609389,MARCELO RIBEIRO FREIXO,PSB
200001613178,FÁBIO BERCKMANS VERAS DANTAS,SOLIDARIEDADE
190001723484,EDUARDO GONÇALVES SERRA,PCB
190001600399,PAULO GUSTAVO GANIME ALVES TEIXEIRA,NOVO
200001613165,CLORISA LINHARES DE VASCONCELOS VALE,PMB
190001609712,JULIETE PANTOJA ALVES,UP
200001695666,KARLO RODRIGO LUCIO VIEIRA,DC
200001696301,EANN STYVENSON VALENTIM MENDES,PODE
200001668305,ANTONIO BENTO DA SILVA,PRTB
200001712602,DANNIEL ALEXANDRE FERREIRA DE MORAIS,PSOL
200001608810,MARIA DE FATIMA BEZERRA,PT
190001614665,RODRIGO NEVES BARRETO,PDT
200001651786,ROSÁLIA MARIA FERNANDES,PSTU
200001608705,JOSÉ NAZARENO EDSON DA SILVA,PMN
10001639519,CYLMARA FERNANDES DA ROCHA GRIPP,MDB
160001600815,ROBERTO REQUIÃO DE MELLO E SILVA,PT
160001621842,RICARDO CRACHINESKI GOMYDE,PDT
170001717342,UBIRACY OLÍMPIO DA SILVA,PCO
170001618087,DANILO JORGE DE BARROS CABRAL,PSB
170001613254,JADILSON FRANCISCO DE ANDRADE,PMB
170001604111,MIGUEL DE SOUZA LEÃO COELHO,UNIÃO
170001715331,JOÃO ARNALDO NOVAES JÚNIOR,PSOL
170001715590,JONES MANOEL DA SILVA,PCB
170001602587,ANDERSON FERREIRA RODRIGUES,PL
180001643494,GUSTAVO HENRIQUE LEITE FEIJÓ,PATRIOTA
180001601250,DIEGO GOMES MELO,PL
180001718004,GESSY KARLA LIMA BORGES FONSECA,PSC
180001600497,SILVIO MENDES DE OLIVEIRA FILHO,UNIÃO
180001713732,RAVENNA DE CASTRO LIMA AZEVEDO,PMN
180001604027,RAFAEL TAJRA FONTELES,PT
180001613545,GERALDO DO NASCIMENTO CARVALHO,PSTU
180001645030,MARIA MADALENA NUNES,PSOL
180001713460,MARIA DE LOURDES SOARES MELO,PCO
160001614467,CARLOS ROBERTO MASSA JUNIOR,PSD
160001717339,ADRIANO TEIXEIRA,PCO
160001717338,SOLANGE FERREIRA BUENO,PMN
160001603284,IVAN RAMOS BERNARDO,PSTU
160001654909,VIVIANE MOTTA DIAS NEVES,PCB
220001713811,VALCLEI QUEIROZ DA SILVA,AGIR
160001654981,JONI SILVA CORREIA JUNIOR,DC
160001621857,ANGELA ALVES MACHADO,PSOL
220001635569,NASCIMENTO ANTONIO DA SILVA,PSOL
230001610816,RUDSON LEITE DA SILVA,PV
220001723308,DANIEL PEREIRA,SOLIDARIEDADE
220001609507,IVO NARCISO CASSOL,PP
260001617899,AROLDO FELIX DE AZEVEDO JUNIOR,UP
260001600202,ALESSANDRO VIEIRA,PSDB
260001690862,ELINOS SABINO DOS SANTOS,PSTU
260001635961,NIULLY NAYARA SANTANA CAMPOS,PSOL
260001634213,ANTONIO CLAUDIO SANTOS DAS NEVES,DC
260001690206,VALMIR DOS SANTOS COSTA,PL
260001692378,JORGE ALBERTO TELES PRADO,PROS
250001638553,GABRIEL MAURILIO COLOMBO DE FREITAS,PCB
250001609938,ALTINO DE MELO PRAZERES JUNIOR,PSTU
250001612450,RODRIGO GARCIA,PSDB
250001693024,ANTONIO JORGE FILHO,DC
250001597898,VINICIUS LAZZER POIT,NOVO
250001639534,ELVIS LEONARDO CEZAR,PDT
250001601996,CAROLINA REJAILI VIGLIAR,UP
250001652196,EDSON DORTA SILVA,PCO
270001652198,WANDERLEI BARBOSA CASTRO,REPUBLICANOS
270001651884,PAULO SARDINHA MOURÃO,PT
270001697127,IRAJÁ SILVESTRE FILHO,PSD
270001644066,CARMEN HANNUD CARBALLEDA ADSUARA,PCO
270001697141,LUCIANO DE CASTRO TEIXEIRA,DC
270001676047,RICARDO IGNACIO DE MACEDO,PMB
270001649556,RONALDO DIMAS NOGUEIRA PEREIRA,PL
240001645017,JORGE CATARINO LEONARDELI BOEIRA,PDT
210001697794,PAULO ROBERTO SILVEIRA PEDRA JUNIOR,PCO
220001719268,LEONARDO BARRETO DE MORAES,PODE
230001604255,ANTONIO OLIVERIO GARCIA DE ALMEIDA,PP
230001602186,MARIA TERESA SAENZ SURITA GUIMARÂES,MDB
230001610641,FÁBIO GONÇALVES DE ALMEIDA,PSOL
230001670967,JURACI FRANCISCO DOS SANTOS,PDT
210001737241,CESAR AUGUSTO PONTES FERREIRA,PCO
210001615206,CARLOS EDUARDO VIEIRA DA CUNHA,PDT
210001604469,JOÃO EDEGAR PRETTO,PT
210001606124,RICARDO MUNARSKI JOBIM,NOVO
210001604536,VICENTE JOAQUIM BOGO,PSB
210001697029,CARLOS MESSALLA LIMA DA ROSA,PCB
240001605909,ODAIR TRAMONTIN,NOVO
210001619618,LUIS CARLOS HEINZE,PP
210001605930,REJANE SILVA DE OLIVEIRA,PSTU
210001609945,ROBERTO ARGENTA,PSC
240001611148,RALF GUIMARÃES ZIMMER JUNIOR,PROS
240001679805,ESPERIDIÃO AMIN HELOU FILHO,PP
240001679858,LEANDRO BRUGNAGO BORGES,PCO
240001610793,ALEX BORGES ALANO,PSTU
240001611133,GEAN MARQUES LOUREIRO,UNIÃO
240001610772,CARLOS MOISÉS DA SILVA,REPUBLICANOS
170001618273,WELLINGTON DUARTE CARNEIRO,PTB
70001699367,TEODORO ANTONIO DA CRUZ FILHO,PCB
50001600527,KLEBER ROSA DE SOUZA,PSOL
50001719849,GIOVANI DAMICO,PCB
50001695915,MARCELO MILLET OLIVEIRA,PCO
60001612926,ROBERTO CLÁUDIO RODRIGUES BEZERRA,PDT
60001608950,JOSÉ BATISTA NETO,PSTU
60001634109,SERLEY DE SOUSA LEAL,UP
60001608845,WAGNER SOUSA GOMES,UNIÃO
60001692640,FRANCISCO RAIMUNDO MALTA DE ARAÚJO,PCB
60001633585,ELMANO DE FREITAS DA COSTA,PT
70001651044,IBANEIS ROCHA BARROS JÚNIOR,MDB
70001653885,LUIZ CARLOS LUCAS SALLES,DC
70001615674,LEILA GOMES DE BARROS RÊGO,PDT
70001652850,RAFAEL DE CARVALHO PULLEN PARENTE,PSB
80001609415,VINICIUS CASSIO CORREA DE SOUSA,PSTU
70001723172,PAULO OCTÁVIO ALVES PEREIRA,PSD
70001601117,CLEMENTINA ARAÚJO BAGNO DA SILVA,PSOL
70001651176,IZALCI LUCAS FERREIRA,PSDB
70001667057,ELZIOVAN MATIAS MORENO LIMA,PTB
70001597108,LEANDRO ANTÔNIO GRASS PEIXOTO,PV
70001611377,ROBSON RAYMUNDO DA SILVA,PSTU
70001676409,RENAN ROSA DE ARRUDA,PCO
80001721631,CLAUDIO CESAR MATTOS PAIVA,PRTB
80001606304,ARIDELMO JOSÉ CAMPANHARO TEIXEIRA,NOVO
80001713735,AUDIFAX CHARLES PIMENTEL BARCELOS,REDE
80001723584,GUERINO LUIZ ZANON,PSD
50001604884,JOÃO INÁCIO RIBEIRO ROMA NETO,PL
30001610045,GIANFRANCO GUSMÃO DE AZEVEDO,PSTU
10001601556,SÉRGIO DE OLIVEIRA CUNHA,PSD
10001595336,NILSON EUCLIDES DA SILVA,PSOL
10001623440,MARCIO MIGUEL BITTAR,UNIÃO
10001616169,JORGE NEY VIANA MACEDO NEVES,PT
10001606307,DAVID SOARES HALL,AGIR
20001651898,RUI SOARES PALMEIRA,PSD
20001653458,LUCIANO ANDRE COSTA DE ALMEIDA,PRTB
20001717270,LUCIANO VALDOMIRO SILVA FONTES,PMB
20001697076,FERNANDO AFFONSO COLLOR DE MELLO,PTB
20001610327,CICERO FERREIRA DE ALBUQUERQUE,PSOL
40001639064,LUIS RICARDO SALDANHA NICOLAU,SOLIDARIEDADE
40001719168,ISRAEL FONTES DUTRA,PSOL
40001618329,CAROLINE DA SILVA BRAZ,PDT
40001719317,JOSE HENRIQUE OLIVEIRA,PODE
40001643027,AMAZONINO ARMANDO MENDES,CIDADANIA
40001718559,NAIR QUEIROZ BLAIR,AGIR
30001639521,GESIEL DE SOUZA OLIVEIRA,PRTB
30001718032,JAIRO PALHETA DA SILVA MARQUES,PCO
30001619676,CLÉCIO LUÍS VILHENA VIEIRA,SOLIDARIEDADE
30001620571,GILVAM PINHEIRO BORGES,MDB
30001643108,JAIME DOMINGUES NUNES,PSD
90001648642,WOLMIR THEREZIO AMADO,PT
170001601203,CLAUDIA MACHADO RIBEIRO,PSTU
140001721635,PAULO CEZAR FIGUEIREDO AFFONSO,AGIR
120001652149,GISELLE MARQUES DE ARAÚJO,PT
120001674596,MAGNO DE SOUZA,PCO
120001646278,ANDRÉ PUCCINELLI,MDB
110001722727,MARCOS ROBERTO LESSA RITELA,PTB
110001719846,MARCIA APARECIDA KUHN  PINHEIRO,PV
110001611936,MOISÉS FRANZ,PSOL
110001643543,MAURO MENDES FERREIRA,UNIÃO
140001721685,LEONARDO MARCONY PEREIRA MACEDO,SOLIDARIEDADE
140001723383,SHIRLEY HELENA ROLIM DE SOUZA,PROS
140001651993,HELDER ZAHLUTH BARBALHO,MDB
140001650094,ADOLFO DA COSTA OLIVEIRA NETO,PSOL
90001695572,VINÍCIUS GOMES DA PAIXÃO,PCO
140001721579,FELIPE AUGUSTO FRANCISCO BORGES,PRTB
140001723385,SOFIA DE ALMEIDA COUTO,PMB
140001650519,JOSÉ CLEBER BARROS RABELO,PSTU
140001596649,JOSÉ DA CRUZ MARINHO,PL
150001718119,NILVAN FERREIRA DO NASCIMENTO,PL
150001636464,FÁBIO RODRIGUES DE OLIVEIRA,PRTB
150001597600,ANTÔNIO DO NASCIMENTO ALVES,PSTU
150001718244,ADRIANO TRAJANO DA CONCEIÇÃO,PCO
150001643180,VENEZIANO VITAL DO REGO SEGUNDO NETO,MDB
10001612476,GLADSON DE LIMA CAMELI,PP
150001635959,ADJANY SIMPLICIO DE CASTRO,PSOL
120001649554,MARCOS MARCELLO TRAD,PSD
120001596872,ADONIS MARCOS DE SOUZA,PSOL
120001618900,ROSIANE MODESTO DE OLIVEIRA,UNIÃO
130001713407,LOURDES FRANCISCO DA COSTA,PCO
90001615815,GUSTAVO MENDANHA MELO,PATRIOTA
90001618706,EDIGAR ANTÔNIO DINIZ JÚNIOR,NOVO
90001674691,CINTIA APARECIDA DIAS,PSOL
90001646326,RONALDO RAMOS CAIADO,UNIÃO
90001712074,REINALDO ASSIS PANTALEÃO,UP
90001651833,VITOR HUGO DE ARAUJO ALMEIDA,PL
90001675056,HELGA MARIA MARTINS DE PAULA,PCB
100001600504,JOSE SIMPLICIO ALVES DE ARAUJO,SOLIDARIEDADE
100001600008,HERTZ DA CONCEICAO DIAS,PSTU
100001609046,LAHESIO RODRIGUES DO BONFIM,PSC
100001713289,ENILTON SILVA RODRIGUES,PSOL
100001615758,JOAS MORAES DOS SANTOS,DC
100001667487,CARLOS ORLEANS BRANDÃO JÚNIOR,PSB
100001605313,FRANKLE DA COSTA LIMA,PCB
100001604435,EDIVALDO DE HOLANDA BRAGA JÚNIOR,PSD
100001599612,WEVERTON ROCHA MARQUES DE SOUSA,PDT
130001650894,CARLOS ALBERTO DIAS VIANA,PL
130001693598,INDIRA IVANISE XAVIER,UP
130001713602,PAULO TRISTAO PINTO,PMB
130001621812,ALEXANDRE KALIL,PSD
130001633534,MARCUS VINÍCIUS CAETANO PESTANA DA SILVA,PSDB
130001615039,RENATA REGINA DE ABREU RODRIGUES,PCB
130001615084,LORENE FIGUEIREDO DE OLIVEIRA,PSOL
130001701690,ROMEU ZEMA NETO,NOVO
130001644653,VANESSA PORTUGAL BARBOSA,PSTU
270001621506,KAROLINE SOARES CHAVES,PSOL
-1,NULO,NULO