ANO_ELEICAO,SG_UF,DS_CARGO,SQ_CANDIDATO,NM_CANDIDATO,NR_PARTIDO,SG_PARTIDO,PASSOU_TURNO
2022,BA,GOVERNADOR,50001609248,ANTONIO CARLOS PEIXOTO DE MAGALHÃES NETO,44,UNIÃO,True
2022,PB,GOVERNADOR,150001621388,PEDRO OLIVEIRA CUNHA LIMA,45,PSDB,True
2022,SC,GOVERNADOR,240001611127,JORGINHO DOS SANTOS MELLO,22,PL,True
2022,MS,GOVERNADOR,120001714229,RENAN BARBOSA CONTAR,28,PRTB,True
2022,SC,GOVERNADOR,240001647445,DÉCIO NERY DE LIMA,13,PT,True
2022,BA,GOVERNADOR,50001603638,JERÔNIMO RODRIGUES SOUZA,13,PT,True
2022,RS,GOVERNADOR,210001609934,ONYX DORNELLES LORENZONI,22,PL,True
2022,SE,GOVERNADOR,260001666399,ROGERIO CARVALHO SANTOS,13,PT,True
2022,SE,GOVERNADOR,260001612779,FÁBIO CRUZ MITIDIERI,55,PSD,True
2022,RS,GOVERNADOR,210001609847,EDUARDO FIGUEIREDO CAVALHEIRO LEITE,45,PSDB,True
2022,AM,GOVERNADOR,40001610345,CARLOS EDUARDO DE SOUZA BRAGA,15,MDB,True
2022,ES,GOVERNADOR,80001649123,JOSÉ RENATO CASAGRANDE,40,PSB,True
2022,SP,GOVERNADOR,250001612465,FERNANDO HADDAD,13,PT,True
2022,AM,GOVERNADOR,40001619528,WILSON MIRANDA LIMA,44,UNIÃO,True
2022,MS,GOVERNADOR,120001635628,EDUARDO CORREA RIEDEL,45,PSDB,True
2022,RO,GOVERNADOR,220001647595,MARCOS ROGERIO DA SILVA BRITO,22,PL,True
2022,AL,GOVERNADOR,20001697934,PAULO SURUAGY DO AMARAL DANTAS,15,MDB,True
2022,PE,GOVERNADOR,170001604087,RAQUEL TEIXEIRA LYRA LUCENA,45,PSDB,True
2022,ES,GOVERNADOR,80001721262,CARLOS HUMBERTO MANNATO,22,PL,True
2022,AL,GOVERNADOR,20001695808,RODRIGO SANTOS CUNHA,44,UNIÃO,True
2022,SP,GOVERNADOR,250001615967,TARCISIO GOMES DE FREITAS,10,REPUBLICANOS,True
2022,PB,GOVERNADOR,150001613757,JOÃO AZEVEDO LINS FILHO,40,PSB,True
2022,RO,GOVERNADOR,220001609511,MARCOS JOSÉ ROCHA DOS SANTOS,44,UNIÃO,True
2022,PE,GOVERNADOR,170001610442,MARÍLIA VALENÇA ROCHA ARRAES DE ALENCAR,77,SOLIDARIEDADE,True
2022,RJ,GOVERNADOR,190001639537,CYRO GARCIA,16,PSTU,False
2022,RJ,GOVERNADOR,190001716773,LUIZ EUGÊNIO HONORATO,29,PCO,False
2022,RJ,GOVERNADOR,190001714872,WILSON JOSÉ WITZEL,35,PMB,False
2022,RJ,GOVERNADOR,190001615753,CLÁUDIO BOMFIM DE CASTRO E SILVA,22,PL,False
2022,RJ,GOVERNADOR,190001609389,MARCELO RIBEIRO FREIXO,40,PSB,False
2022,RN,GOVERNADOR,200001613178,FÁBIO BERCKMANS VERAS DANTAS,77,SOLIDARIEDADE,False
2022,RJ,GOVERNADOR,190001723484,EDUARDO GONÇALVES SERRA,21,PCB,False
2022,RJ,GOVERNADOR,190001600399,PAULO GUSTAVO GANIME ALVES TEIXEIRA,30,NOVO,False
2022,RN,GOVERNADOR,200001613165,CLORISA LINHARES DE VASCONCELOS VALE,35,PMB,False
2022,RJ,GOVERNADOR,190001609712,JULIETE PANTOJA ALVES,80,UP,False
2022,RN,GOVERNADOR,200001695666,KARLO RODRIGO LUCIO VIEIRA,27,DC,False
2022,RN,GOVERNADOR,200001696301,EANN STYVENSON VALENTIM MENDES,19,PODE,False
2022,RN,GOVERNADOR,200001668305,ANTONIO BENTO DA SILVA,28,PRTB,False
2022,RN,GOVERNADOR,200001712602,DANNIEL ALEXANDRE FERREIRA DE MORAIS,50,PSOL,False
2022,RN,GOVERNADOR,200001608810,MARIA DE FATIMA BEZERRA,13,PT,False
2022,RJ,GOVERNADOR,190001614665,RODRIGO NEVES BARRETO,12,PDT,False
2022,RN,GOVERNADOR,200001651786,ROSÁLIA MARIA FERNANDES,16,PSTU,False
2022,RN,GOVERNADOR,200001608705,JOSÉ NAZARENO EDSON DA SILVA,33,PMN,False
2022,AC,GOVERNADOR,10001639519,CYLMARA FERNANDES DA ROCHA GRIPP,15,MDB,False
2022,PR,GOVERNADOR,160001600815,ROBERTO REQUIÃO DE MELLO E SILVA,13,PT,False
2022,PR,GOVERNADOR,160001621842,RICARDO CRACHINESKI GOMYDE,12,PDT,False
2022,PE,GOVERNADOR,170001717342,UBIRACY OLÍMPIO DA SILVA,29,PCO,False
2022,PE,GOVERNADOR,170001618087,DANILO JORGE DE BARROS CABRAL,40,PSB,False
2022,PE,GOVERNADOR,170001613254,JADILSON FRANCISCO DE ANDRADE,35,PMB,False
2022,PE,GOVERNADOR,170001604111,MIGUEL DE SOUZA LEÃO COELHO,44,UNIÃO,False
2022,PE,GOVERNADOR,170001715331,JOÃO ARNALDO NOVAES JÚNIOR,50,PSOL,False
2022,PE,GOVERNADOR,170001715590,JONES MANOEL DA SILVA,21,PCB,False
2022,PE,GOVERNADOR,170001602587,ANDERSON FERREIRA RODRIGUES,22,PL,False
2022,PI,GOVERNADOR,180001643494,GUSTAVO HENRIQUE LEITE FEIJÓ,51,PATRIOTA,False
2022,PI,GOVERNADOR,180001601250,DIEGO GOMES MELO,22,PL,False
2022,PI,GOVERNADOR,180001718004,GESSY KARLA LIMA BORGES FONSECA,20,PSC,False
2022,PI,GOVERNADOR,180001600497,SILVIO MENDES DE OLIVEIRA FILHO,44,UNIÃO,False
2022,PI,GOVERNADOR,180001713732,RAVENNA DE CASTRO LIMA AZEVEDO,33,PMN,False
2022,PI,GOVERNADOR,180001604027,RAFAEL TAJRA FONTELES,13,PT,False
2022,PI,GOVERNADOR,180001613545,GERALDO DO NASCIMENTO CARVALHO,16,PSTU,False
2022,PI,GOVERNADOR,180001645030,MARIA MADALENA NUNES,50,PSOL,False
2022,PI,GOVERNADOR,180001713460,MARIA DE LOURDES SOARES MELO,29,PCO,False
2022,PR,GOVERNADOR,160001614467,CARLOS ROBERTO MASSA JUNIOR,55,PSD,False
2022,PR,GOVERNADOR,160001717339,ADRIANO TEIXEIRA,29,PCO,False
2022,PR,GOVERNADOR,160001717338,SOLANGE FERREIRA BUENO,33,PMN,False
2022,PR,GOVERNADOR,160001603284,IVAN RAMOS BERNARDO,16,PSTU,False
2022,PR,GOVERNADOR,160001654909,VIVIANE MOTTA DIAS NEVES,21,PCB,False
2022,RO,GOVERNADOR,220001713811,VALCLEI QUEIROZ DA SILVA,36,AGIR,False
2022,PR,GOVERNADOR,160001654981,JONI SILVA CORREIA JUNIOR,27,DC,False
2022,PR,GOVERNADOR,160001621857,ANGELA ALVES MACHADO,50,PSOL,False
2022,RO,GOVERNADOR,220001635569,NASCIMENTO ANTONIO DA SILVA,50,PSOL,False
2022,RR,GOVERNADOR,230001610816,RUDSON LEITE DA SILVA,43,PV,False
2022,RO,GOVERNADOR,220001723308,DANIEL PEREIRA,77,SOLIDARIEDADE,False
2022,RO,GOVERNADOR,220001609507,IVO NARCISO CASSOL,11,PP,False
2022,SE,GOVERNADOR,260001617899,AROLDO FELIX DE AZEVEDO JUNIOR,80,UP,False
2022,SE,GOVERNADOR,260001600202,ALESSANDRO VIEIRA,45,PSDB,False
2022,SE,GOVERNADOR,260001690862,ELINOS SABINO DOS SANTOS,16,PSTU,False
2022,SE,GOVERNADOR,260001635961,NIULLY NAYARA SANTANA CAMPOS,50,PSOL,False
2022,SE,GOVERNADOR,260001634213,ANTONIO CLAUDIO SANTOS DAS NEVES,27,DC,False
2022,SE,GOVERNADOR,260001690206,VALMIR DOS SANTOS COSTA,22,PL,False
2022,SE,GOVERNADOR,260001692378,JORGE ALBERTO TELES PRADO,90,PROS,False
2022,SP,GOVERNADOR,250001638553,GABRIEL MAURILIO COLOMBO DE FREITAS,21,PCB,False
2022,SP,GOVERNADOR,250001609938,ALTINO DE MELO PRAZERES JUNIOR,16,PSTU,False
2022,SP,GOVERNADOR,250001612450,RODRIGO GARCIA,45,PSDB,False
2022,SP,GOVERNADOR,250001693024,ANTONIO JORGE FILHO,27,DC,False
2022,SP,GOVERNADOR,250001597898,VINICIUS LAZZER POIT,30,NOVO,False
2022,SP,GOVERNADOR,250001639534,ELVIS LEONARDO CEZAR,12,PDT,False
2022,SP,GOVERNADOR,250001601996,CAROLINA REJAILI VIGLIAR,80,UP,False
2022,SP,GOVERNADOR,250001652196,EDSON DORTA SILVA,29,PCO,False
2022,TO,GOVERNADOR,270001652198,WANDERLEI BARBOSA CASTRO,10,REPUBLICANOS,False
2022,TO,GOVERNADOR,270001651884,PAULO SARDINHA MOURÃO,13,PT,False
2022,TO,GOVERNADOR,270001697127,IRAJÁ SILVESTRE FILHO,55,PSD,False
2022,TO,GOVERNADOR,270001644066,CARMEN HANNUD CARBALLEDA ADSUARA,29,PCO,False
2022,TO,GOVERNADOR,270001697141,LUCIANO DE CASTRO TEIXEIRA,27,DC,False
2022,TO,GOVERNADOR,270001676047,RICARDO IGNACIO DE MACEDO,35,PMB,False
2022,TO,GOVERNADOR,270001649556,RONALDO DIMAS NOGUEIRA PEREIRA,22,PL,False
2022,SC,GOVERNADOR,240001645017,JORGE CATARINO LEONARDELI BOEIRA,12,PDT,False
2022,RS,GOVERNADOR,210001697794,PAULO ROBERTO SILVEIRA PEDRA JUNIOR,29,PCO,False
2022,RO,GOVERNADOR,220001719268,LEONARDO BARRETO DE MORAES,19,PODE,False
2022,RR,GOVERNADOR,230001604255,ANTONIO OLIVERIO GARCIA DE ALMEIDA,11,PP,False
2022,RR,GOVERNADOR,230001602186,MARIA TERESA SAENZ SURITA GUIMARÂES,15,MDB,False
2022,RR,GOVERNADOR,230001610641,FÁBIO GONÇALVES DE ALMEIDA,50,PSOL,False
2022,RR,GOVERNADOR,230001670967,JURACI FRANCISCO DOS SANTOS,12,PDT,False
2022,RS,GOVERNADOR,210001737241,CESAR AUGUSTO PONTES FERREIRA,29,PCO,False
2022,RS,GOVERNADOR,210001615206,CARLOS EDUARDO VIEIRA DA CUNHA,12,PDT,False
2022,RS,GOVERNADOR,210001604469,JOÃO EDEGAR PRETTO,13,PT,False
2022,RS,GOVERNADOR,210001606124,RICARDO MUNARSKI JOBIM,30,NOVO,False
2022,RS,GOVERNADOR,210001604536,VICENTE JOAQUIM BOGO,40,PSB,False
2022,RS,GOVERNADOR,210001697029,CARLOS MESSALLA LIMA DA ROSA,21,PCB,False
2022,SC,GOVERNADOR,240001605909,ODAIR TRAMONTIN,30,NOVO,False
2022,RS,GOVERNADOR,210001619618,LUIS CARLOS HEINZE,11,PP,False
2022,RS,GOVERNADOR,210001605930,REJANE SILVA DE OLIVEIRA,16,PSTU,False
2022,RS,GOVERNADOR,210001609945,ROBERTO ARGENTA,20,PSC,False
2022,SC,GOVERNADOR,240001611148,RALF GUIMARÃES ZIMMER JUNIOR,90,PROS,False
2022,SC,GOVERNADOR,240001679805,ESPERIDIÃO AMIN HELOU FILHO,11,PP,False
2022,SC,GOVERNADOR,240001679858,LEANDRO BRUGNAGO BORGES,29,PCO,False
2022,SC,GOVERNADOR,240001610793,ALEX BORGES ALANO,16,PSTU,False
2022,SC,GOVERNADOR,240001611133,GEAN MARQUES LOUREIRO,44,UNIÃO,False
2022,SC,GOVERNADOR,240001610772,CARLOS MOISÉS DA SILVA,10,REPUBLICANOS,False
2022,PE,GOVERNADOR,170001618273,WELLINGTON DUARTE CARNEIRO,14,PTB,False
2022,DF,GOVERNADOR,70001699367,TEODORO ANTONIO DA CRUZ FILHO,21,PCB,False
2022,BA,GOVERNADOR,50001600527,KLEBER ROSA DE SOUZA,50,PSOL,False
2022,BA,GOVERNADOR,50001719849,GIOVANI DAMICO,21,PCB,False
2022,BA,GOVERNADOR,50001695915,MARCELO MILLET OLIVEIRA,29,PCO,False
2022,CE,GOVERNADOR,60001612926,ROBERTO CLÁUDIO RODRIGUES BEZERRA,12,PDT,False
2022,CE,GOVERNADOR,60001608950,JOSÉ BATISTA NETO,16,PSTU,False
2022,CE,GOVERNADOR,60001634109,SERLEY DE SOUSA LEAL,80,UP,False
2022,CE,GOVERNADOR,60001608845,WAGNER SOUSA GOMES,44,UNIÃO,False
2022,CE,GOVERNADOR,60001692640,FRANCISCO RAIMUNDO MALTA DE ARAÚJO,21,PCB,False
2022,CE,GOVERNADOR,60001633585,ELMANO DE FREITAS DA COSTA,13,PT,False
2022,DF,GOVERNADOR,70001651044,IBANEIS ROCHA BARROS JÚNIOR,15,MDB,False
2022,DF,GOVERNADOR,70001653885,LUIZ CARLOS LUCAS SALLES,27,DC,False
2022,DF,GOVERNADOR,70001615674,LEILA GOMES DE BARROS RÊGO,12,PDT,False
2022,DF,GOVERNADOR,70001652850,RAFAEL DE CARVALHO PULLEN PARENTE,40,PSB,False
2022,ES,GOVERNADOR,80001609415,VINICIUS CASSIO CORREA DE SOUSA,16,PSTU,False
2022,DF,GOVERNADOR,70001723172,PAULO OCTÁVIO ALVES PEREIRA,55,PSD,False
2022,DF,GOVERNADOR,70001601117,CLEMENTINA ARAÚJO BAGNO DA SILVA,50,PSOL,False
2022,DF,GOVERNADOR,70001651176,IZALCI LUCAS FERREIRA,45,PSDB,False
2022,DF,GOVERNADOR,70001667057,ELZIOVAN MATIAS MORENO LIMA,14,PTB,False
2022,DF,GOVERNADOR,70001597108,LEANDRO ANTÔNIO GRASS PEIXOTO,43,PV,False
2022,DF,GOVERNADOR,70001611377,ROBSON RAYMUNDO DA SILVA,16,PSTU,False
2022,DF,GOVERNADOR,70001676409,RENAN ROSA DE ARRUDA,29,PCO,False
2022,ES,GOVERNADOR,80001721631,CLAUDIO CESAR MATTOS PAIVA,28,PRTB,False
2022,ES,GOVERNADOR,80001606304,ARIDELMO JOSÉ CAMPANHARO TEIXEIRA,30,NOVO,False
2022,ES,GOVERNADOR,80001713735,AUDIFAX CHARLES PIMENTEL BARCELOS,18,REDE,False
2022,ES,GOVERNADOR,80001723584,GUERINO LUIZ ZANON,55,PSD,False
2022,BA,GOVERNADOR,50001604884,JOÃO INÁCIO RIBEIRO ROMA NETO,22,PL,False
2022,AP,GOVERNADOR,30001610045,GIANFRANCO GUSMÃO DE AZEVEDO,16,PSTU,False
2022,AC,GOVERNADOR,10001601556,SÉRGIO DE OLIVEIRA CUNHA,55,PSD,False
2022,AC,GOVERNADOR,10001595336,NILSON EUCLIDES DA SILVA,50,PSOL,False
2022,AC,GOVERNADOR,10001623440,MARCIO MIGUEL BITTAR,44,UNIÃO,False
2022,AC,GOVERNADOR,10001616169,JORGE NEY VIANA MACEDO NEVES,13,PT,False
2022,AC,GOVERNADOR,10001606307,DAVID SOARES HALL,36,AGIR,False
2022,AL,GOVERNADOR,20001651898,RUI SOARES PALMEIRA,55,PSD,False
2022,AL,GOVERNADOR,20001653458,LUCIANO ANDRE COSTA DE ALMEIDA,28,PRTB,False
2022,AL,GOVERNADOR,20001717270,LUCIANO VALDOMIRO SILVA FONTES,35,PMB,False
2022,AL,GOVERNADOR,20001697076,FERNANDO AFFONSO COLLOR DE MELLO,14,PTB,False
2022,AL,GOVERNADOR,20001610327,CICERO FERREIRA DE ALBUQUERQUE,50,PSOL,False
2022,AM,GOVERNADOR,40001639064,LUIS RICARDO SALDANHA NICOLAU,77,SOLIDARIEDADE,False
2022,AM,GOVERNADOR,40001719168,ISRAEL FONTES DUTRA,50,PSOL,False
2022,AM,GOVERNADOR,40001618329,CAROLINE DA SILVA BRAZ,12,PDT,False
2022,AM,GOVERNADOR,40001719317,JOSE HENRIQUE OLIVEIRA,19,PODE,False
2022,AM,GOVERNADOR,40001643027,AMAZONINO ARMANDO MENDES,23,CIDADANIA,False
2022,AM,GOVERNADOR,40001718559,NAIR QUEIROZ BLAIR,36,AGIR,False
2022,AP,GOVERNADOR,30001639521,GESIEL DE SOUZA OLIVEIRA,28,PRTB,False
2022,AP,GOVERNADOR,30001718032,JAIRO PALHETA DA SILVA MARQUES,29,PCO,False
2022,AP,GOVERNADOR,30001619676,CLÉCIO LUÍS VILHENA VIEIRA,77,SOLIDARIEDADE,False
2022,AP,GOVERNADOR,30001620571,GILVAM PINHEIRO BORGES,15,MDB,False
2022,AP,GOVERNADOR,30001643108,JAIME DOMINGUES NUNES,55,PSD,False
2022,GO,GOVERNADOR,90001648642,WOLMIR THEREZIO AMADO,13,PT,False
2022,PE,GOVERNADOR,170001601203,CLAUDIA MACHADO RIBEIRO,16,PSTU,False
2022,PA,GOVERNADOR,140001721635,PAULO CEZAR FIGUEIREDO AFFONSO,36,AGIR,False
2022,MS,GOVERNADOR,120001652149,GISELLE MARQUES DE ARAÚJO,13,PT,False
2022,MS,GOVERNADOR,120001674596,MAGNO DE SOUZA,29,PCO,False
2022,MS,GOVERNADOR,120001646278,ANDRÉ PUCCINELLI,15,MDB,False
2022,MT,GOVERNADOR,110001722727,MARCOS ROBERTO LESSA RITELA,14,PTB,False
2022,MT,GOVERNADOR,110001719846,MARCIA APARECIDA KUHN  PINHEIRO,43,PV,False
2022,MT,GOVERNADOR,110001611936,MOISÉS FRANZ,50,PSOL,False
2022,MT,GOVERNADOR,110001643543,MAURO MENDES FERREIRA,44,UNIÃO,False
2022,PA,GOVERNADOR,140001721685,LEONARDO MARCONY PEREIRA MACEDO,77,SOLIDARIEDADE,False
2022,PA,GOVERNADOR,140001723383,SHIRLEY HELENA ROLIM DE SOUZA,90,PROS,False
2022,PA,GOVERNADOR,140001651993,HELDER ZAHLUTH BARBALHO,15,MDB,False
2022,PA,GOVERNADOR,140001650094,ADOLFO DA COSTA OLIVEIRA NETO,50,PSOL,False
2022,GO,GOVERNADOR,90001695572,VINÍCIUS GOMES DA PAIXÃO,29,PCO,False
2022,PA,GOVERNADOR,140001721579,FELIPE AUGUSTO FRANCISCO BORGES,28,PRTB,False
2022,PA,GOVERNADOR,140001723385,SOFIA DE ALMEIDA COUTO,35,PMB,False
2022,PA,GOVERNADOR,140001650519,JOSÉ CLEBER BARROS RABELO,16,PSTU,False
2022,PA,GOVERNADOR,140001596649,JOSÉ DA CRUZ MARINHO,22,PL,False
2022,PB,GOVERNADOR,150001718119,NILVAN FERREIRA DO NASCIMENTO,22,PL,False
2022,PB,GOVERNADOR,150001636464,FÁBIO RODRIGUES DE OLIVEIRA,28,PRTB,False
2022,PB,GOVERNADOR,150001597600,ANTÔNIO DO NASCIMENTO ALVES,16,PSTU,False
2022,PB,GOVERNADOR,150001718244,ADRIANO TRAJANO DA CONCEIÇÃO,29,PCO,False
2022,PB,GOVERNADOR,150001643180,VENEZIANO VITAL DO REGO SEGUNDO NETO,15,MDB,False
2022,AC,GOVERNADOR,10001612476,GLADSON DE LIMA CAMELI,11,PP,False
2022,PB,GOVERNADOR,150001635959,ADJANY SIMPLICIO DE CASTRO,50,PSOL,False
2022,MS,GOVERNADOR,120001649554,MARCOS MARCELLO TRAD,55,PSD,False
2022,MS,GOVERNADOR,120001596872,ADONIS MARCOS DE SOUZA,50,PSOL,False
2022,MS,GOVERNADOR,120001618900,ROSIANE MODESTO DE OLIVEIRA,44,UNIÃO,False
2022,MG,GOVERNADOR,130001713407,LOURDES FRANCISCO DA COSTA,29,PCO,False
2022,GO,GOVERNADOR,90001615815,GUSTAVO MENDANHA MELO,51,PATRIOTA,False
2022,GO,GOVERNADOR,90001618706,EDIGAR ANTÔNIO DINIZ JÚNIOR,30,NOVO,False
2022,GO,GOVERNADOR,90001674691,CINTIA APARECIDA DIAS,50,PSOL,False
2022,GO,GOVERNADOR,90001646326,RONALDO RAMOS CAIADO,44,UNIÃO,False
2022,GO,GOVERNADOR,90001712074,REINALDO ASSIS PANTALEÃO,80,UP,False
2022,GO,GOVERNADOR,90001651833,VITOR HUGO DE ARAUJO ALMEIDA,22,PL,False
2022,GO,GOVERNADOR,90001675056,HELGA MARIA MARTINS DE PAULA,21,PCB,False
2022,MA,GOVERNADOR,100001600504,JOSE SIMPLICIO ALVES DE ARAUJO,77,SOLIDARIEDADE,False
2022,MA,GOVERNADOR,100001600008,HERTZ DA CONCEICAO DIAS,16,PSTU,False
2022,MA,GOVERNADOR,100001609046,LAHESIO RODRIGUES DO BONFIM,20,PSC,False
2022,MA,GOVERNADOR,100001713289,ENILTON SILVA RODRIGUES,50,PSOL,False
2022,MA,GOVERNADOR,100001615758,JOAS MORAES DOS SANTOS,27,DC,False
2022,MA,GOVERNADOR,100001667487,CARLOS ORLEANS BRANDÃO JÚNIOR,40,PSB,False
2022,MA,GOVERNADOR,100001605313,FRANKLE DA COSTA LIMA,21,PCB,False
2022,MA,GOVERNADOR,100001604435,EDIVALDO DE HOLANDA BRAGA JÚNIOR,55,PSD,False
2022,MA,GOVERNADOR,100001599612,WEVERTON ROCHA MARQUES DE SOUSA,12,PDT,False
2022,MG,GOVERNADOR,130001650894,CARLOS ALBERTO DIAS VIANA,22,PL,False
2022,MG,GOVERNADOR,130001693598,INDIRA IVANISE XAVIER,80,UP,False
2022,MG,GOVERNADOR,130001713602,PAULO TRISTAO PINTO,35,PMB,False
2022,MG,GOVERNADOR,130001621812,ALEXANDRE KALIL,55,PSD,False
2022,MG,GOVERNADOR,130001633534,MARCUS VINÍCIUS CAETANO PESTANA DA SILVA,45,PSDB,False
2022,MG,GOVERNADOR,130001615039,RENATA REGINA DE ABREU RODRIGUES,21,PCB,False
2022,MG,GOVERNADOR,130001615084,LORENE FIGUEIREDO DE OLIVEIRA,50,PSOL,False
2022,MG,GOVERNADOR,130001701690,ROMEU ZEMA NETO,30,NOVO,False
2022,MG,GOVERNADOR,130001644653,VANESSA PORTUGAL BARBOSA,16,PSTU,False
2022,TO,GOVERNADOR,270001621506,KAROLINE SOARES CHAVES,50,PSOL,False
